{
  "env": {
    "platform": "Linux-6.6.113+-x86_64-with-glibc2.35",
    "python": "3.12.13",
    "torch": "2.10.0+cu128",
    "device": "cuda",
    "cpu": "x86_64",
    "cuda_device": "Tesla T4",
    "cuda_capability": [
      7,
      5
    ]
  },
  "model": "tinyllama",
  "device": "cuda",
  "output_tokens": 64,
  "results": {
    "baseline": {
      "512": {
        "total_ms": {
          "raw": [
            2004.6524658203125,
            1589.56494140625,
            1589.0399169921875
          ],
          "filtered": [
            2004.6524658203125,
            1589.56494140625,
            1589.0399169921875
          ],
          "n_raw": 3,
          "n_filtered": 3,
          "mean": 1727.75244140625,
          "median": 1589.56494140625,
          "stdev": 239.80259913737413,
          "min": 1589.0399169921875,
          "max": 2004.6524658203125
        },
        "kv_bytes_fp16_mean": 12953600.0,
        "throughput": {
          "raw": [
            31.925733308496902,
            40.26258904740358,
            40.27589194936168
          ],
          "filtered": [
            31.925733308496902,
            40.26258904740358,
            40.27589194936168
          ],
          "n_raw": 3,
          "n_filtered": 3,
          "mean": 37.488071435087384,
          "median": 40.26258904740358,
          "stdev": 4.8171307142002835,
          "min": 31.925733308496902,
          "max": 40.27589194936168
        }
      },
      "1024": {
        "total_ms": {
          "raw": [
            2252.623046875,
            1782.593505859375,
            1774.89697265625
          ],
          "filtered": [
            2252.623046875,
            1782.593505859375,
            1774.89697265625
          ],
          "n_raw": 3,
          "n_filtered": 3,
          "mean": 1936.7045084635417,
          "median": 1782.593505859375,
          "stdev": 273.62054261305155,
          "min": 1774.89697265625,
          "max": 2252.623046875
        },
        "kv_bytes_fp16_mean": 24487936.0,
        "throughput": {
          "raw": [
            28.411322564059432,
            35.90274495538795,
            36.05843098837438
          ],
          "filtered": [
            28.411322564059432,
            35.90274495538795,
            36.05843098837438
          ],
          "n_raw": 3,
          "n_filtered": 3,
          "mean": 33.457499502607256,
          "median": 35.90274495538795,
          "stdev": 4.370810657826037,
          "min": 28.411322564059432,
          "max": 36.05843098837438
        }
      }
    },
    "quantized": {
      "512": {
        "total_ms": {
          "raw": [
            2071.1845703125,
            1983.7708740234375,
            1987.8111572265625
          ],
          "filtered": [
            2071.1845703125,
            1983.7708740234375,
            1987.8111572265625
          ],
          "n_raw": 3,
          "n_filtered": 3,
          "mean": 2014.2555338541667,
          "median": 1987.8111572265625,
          "stdev": 49.34336192585633,
          "min": 1983.7708740234375,
          "max": 2071.1845703125
        },
        "kv_bytes_int8_mean": 6679200.0,
        "throughput": {
          "raw": [
            30.900191570248946,
            32.261790329745445,
            32.196217315378284
          ],
          "filtered": [
            30.900191570248946,
            32.261790329745445,
            32.196217315378284
          ],
          "n_raw": 3,
          "n_filtered": 3,
          "mean": 31.786066405124224,
          "median": 32.196217315378284,
          "stdev": 0.767890371311085,
          "min": 30.900191570248946,
          "max": 32.261790329745445
        }
      },
      "1024": {
        "total_ms": {
          "raw": [
            2146.66845703125,
            2175.6103515625,
            2273.48974609375
          ],
          "filtered": [
            2146.66845703125,
            2175.6103515625,
            2273.48974609375
          ],
          "n_raw": 3,
          "n_filtered": 3,
          "mean": 2198.5895182291665,
          "median": 2175.6103515625,
          "stdev": 66.46007384429676,
          "min": 2146.66845703125,
          "max": 2273.48974609375
        },
        "kv_bytes_int8_mean": 12626592.0,
        "throughput": {
          "raw": [
            29.813639731078563,
            29.417032307295234,
            28.15055581841225
          ],
          "filtered": [
            29.813639731078563,
            29.417032307295234,
            28.15055581841225
          ],
          "n_raw": 3,
          "n_filtered": 3,
          "mean": 29.127075952262015,
          "median": 29.417032307295234,
          "stdev": 0.8686299793413101,
          "min": 28.15055581841225,
          "max": 29.813639731078563
        }
      }
    },
    "perplexity": {
      "baseline": 28.914857521898167,
      "int8_kv": 28.91939048809757
    }
  }
}