{
  "env": {
    "platform": "Windows-10-10.0.26200-SP0",
    "python": "3.11.5",
    "torch": "2.5.1+cu121",
    "device": "cuda",
    "cpu": "Intel64 Family 6 Model 140 Stepping 1, GenuineIntel",
    "cuda_device": "NVIDIA GeForce RTX 3070 Laptop GPU",
    "cuda_capability": [
      8,
      6
    ]
  },
  "model": "tinyllama",
  "device": "cuda",
  "output_tokens": 64,
  "results": {
    "baseline": {
      "512": {
        "total_ms": {
          "raw": [
            1946.755126953125,
            1931.43701171875,
            1919.0538330078125
          ],
          "filtered": [
            1946.755126953125,
            1931.43701171875,
            1919.0538330078125
          ],
          "n_raw": 3,
          "n_filtered": 3,
          "mean": 1932.4153238932292,
          "median": 1931.43701171875,
          "stdev": 13.876535684175728,
          "min": 1919.0538330078125,
          "max": 1946.755126953125
        },
        "kv_bytes_fp16_mean": 12953600.0,
        "throughput": {
          "raw": [
            32.87521841545972,
            33.13594987135904,
            33.34976794251267
          ],
          "filtered": [
            32.87521841545972,
            33.13594987135904,
            33.34976794251267
          ],
          "n_raw": 3,
          "n_filtered": 3,
          "mean": 33.12031207644381,
          "median": 33.13594987135904,
          "stdev": 0.23766093258864143,
          "min": 32.87521841545972,
          "max": 33.34976794251267
        }
      },
      "1024": {
        "total_ms": {
          "raw": [
            2193.06298828125,
            2135.32763671875,
            2079.224853515625
          ],
          "filtered": [
            2193.06298828125,
            2135.32763671875,
            2079.224853515625
          ],
          "n_raw": 3,
          "n_filtered": 3,
          "mean": 2135.871826171875,
          "median": 2135.32763671875,
          "stdev": 56.921018423336555,
          "min": 2079.224853515625,
          "max": 2193.06298828125
        },
        "kv_bytes_fp16_mean": 24487936.0,
        "throughput": {
          "raw": [
            29.18292832535474,
            29.97198130135456,
            30.78070170803634
          ],
          "filtered": [
            29.18292832535474,
            29.97198130135456,
            30.78070170803634
          ],
          "n_raw": 3,
          "n_filtered": 3,
          "mean": 29.97853711158188,
          "median": 29.97198130135456,
          "stdev": 0.7989068654025023,
          "min": 29.18292832535474,
          "max": 30.78070170803634
        }
      }
    },
    "quantized": {
      "512": {
        "total_ms": {
          "raw": [
            2625.44775390625,
            2633.5654296875,
            2629.049072265625
          ],
          "filtered": [
            2625.44775390625,
            2633.5654296875,
            2629.049072265625
          ],
          "n_raw": 3,
          "n_filtered": 3,
          "mean": 2629.3540852864585,
          "median": 2629.049072265625,
          "stdev": 4.067424213126976,
          "min": 2625.44775390625,
          "max": 2633.5654296875
        },
        "kv_bytes_int8_mean": 6679200.0,
        "throughput": {
          "raw": [
            24.376794360039405,
            24.301655572534706,
            24.343402591891138
          ],
          "filtered": [
            24.376794360039405,
            24.301655572534706,
            24.343402591891138
          ],
          "n_raw": 3,
          "n_filtered": 3,
          "mean": 24.340617508155084,
          "median": 24.343402591891138,
          "stdev": 0.037646737780074595,
          "min": 24.301655572534706,
          "max": 24.376794360039405
        }
      },
      "1024": {
        "total_ms": {
          "raw": [
            2630.013916015625,
            2679.30224609375,
            2668.08935546875
          ],
          "filtered": [
            2630.013916015625,
            2679.30224609375,
            2668.08935546875
          ],
          "n_raw": 3,
          "n_filtered": 3,
          "mean": 2659.1351725260415,
          "median": 2668.08935546875,
          "stdev": 25.83540041495713,
          "min": 2630.013916015625,
          "max": 2679.30224609375
        },
        "kv_bytes_int8_mean": 12626592.0,
        "throughput": {
          "raw": [
            24.33447200042107,
            23.88681608926648,
            23.987202628285285
          ],
          "filtered": [
            24.33447200042107,
            23.88681608926648,
            23.987202628285285
          ],
          "n_raw": 3,
          "n_filtered": 3,
          "mean": 24.069496905990945,
          "median": 23.987202628285285,
          "stdev": 0.2349004359409192,
          "min": 23.88681608926648,
          "max": 24.33447200042107
        }
      }
    },
    "perplexity": {
      "baseline": 28.920414490241225,
      "int8_kv": 28.956100399659423
    }
  }
}